name,price,description,image_url
LBla- Água Perfumada Blanc 500 ml,"R$  119,90",Ideal para borrifar em tecidos.  O Blanc é uma fragrância cítrica refrescante formada por um mix de chá branco combinado com a energia da flor de limão e o floral das margaridas.,https://static.whatsapp.net/rsrc.php/yS/r/T_xj3a3ApC9.webp
LBla- Refil Home Spray Blanc 250 ml,"R$  84,90",O Blanc é uma fragrância cítrica refrescante formada por um mix de chá branco combinado com a energia da flor de limão e o floral das margaridas.,https://media-for2-1.cdn.whatsapp.net/v/t61.24694-24/533543967_1311898573515072_728205741053641743_n.jpg?stp=dst-jpg_s96x96_tt6&ccb=11-4&oh=01_Q5Aa4wEoK0esanmpz0p2qdJiKwq6AIRFjv8e1qGGwR1XVvKEZw&oe=6A4CDA08&_nc_sid=5e03e0&_nc_cat=105
LBla- Refil Difusor Blanc 250 ml,"R$  89,90",O Blanc é uma fragrância cítrica refrescante formada por um mix de chá branco combinado com a energia da flor de limão e o floral das margaridas.,https://pps.whatsapp.net/v/t61.24694-24/534417972_933895019104217_6869097411707669514_n.jpg?stp=dst-jpg_s96x96_tt6&ccb=11-4&oh=01_Q5Aa4wG6rvwYlSMwntdbqAfU7SsTZQJY85BFDpcCAPvlwY0vfw&oe=6A4D070D&_nc_sid=5e03e0&_nc_cat=109
LLo- Água Perfumada L’or 500 ml,"R$  119,90","Ideal para borrifar em tecidos. ️L’OR É uma mistura cítrica e amadeirada bem intensa, compõe um aroma firme, marcante, vivo e envolvente.",https://pps.whatsapp.net/v/t61.24694-24/616396276_935822356009713_6884533334437766565_n.jpg?stp=dst-jpg_s96x96_tt6&ccb=11-4&oh=01_Q5Aa4wFPwpceeRUQFyZnyfDwg_saJjMFMNXo1lLV3GYBbKDQxw&oe=6A4D0482&_nc_sid=5e03e0&_nc_cat=108
LLo- Difusor L’or 250 ml,"R$  89,90","L’OR É uma mistura cítrica e amadeirada bem intensa, compõe um aroma firme, marcante, vivo e envolvente.",https://pps.whatsapp.net/v/t61.24694-24/534416784_1243880781027693_7133134117413840346_n.jpg?stp=dst-jpg_s96x96_tt6&ccb=11-4&oh=01_Q5Aa4wHzOTyt4RetqM92z5DOfjt-plArsD0OmSN3XCUF39k-Tg&oe=6A4CFCD7&_nc_sid=5e03e0&_nc_cat=106
LLo- Home Spray L’or 250 ml,"R$  84,90","Ideal para borrifar no ambiente. L’OR É uma mistura cítrica e amadeirada bem intensa, compõe um aroma firme, marcante, vivo e envolvente.",https://pps.whatsapp.net/v/t61.24694-24/375824181_1039251787081640_917111487766900129_n.jpg?stp=dst-jpg_s96x96_tt6&ccb=11-4&oh=01_Q5Aa4wFMpdYYnb7KLXtErxJLLiYuaq0nypI8_Cvo6Rm6vMB4cw&oe=6A4CD9C6&_nc_sid=5e03e0&_nc_cat=105
LR-Refil Difusor Rose 250 ml,"R$  89,90","O Rose é uma fragrância mais floral, formada pelos acordes de rosas perfumadas, em harmonia com o Jasmim  branco e Gardênias. É um floral bem marcante.",https://pps.whatsapp.net/v/t61.24694-24/416676351_375082765108617_513736304198190748_n.jpg?stp=dst-jpg_s96x96_tt6&ccb=11-4&oh=01_Q5Aa4wFCapsO8vBmfkHZl8L0cvZ6OjL1VqdssZE6O6nB6gkqzQ&oe=6A4CDA45&_nc_sid=5e03e0&_nc_cat=109
LR- Refil Home Spray Rose 250 ml,"R$  84,90","Ideal para borrifar no ambiente. O Rose é uma fragrância mais floral, formada pelos acordes de rosas perfumadas, em harmonia com o Jasmim  branco e Gardênias. É um floral bem marcante.",https://pps.whatsapp.net/v/t61.24694-24/534423498_1352156913451970_3106380651979321232_n.jpg?stp=dst-jpg_s96x96_tt6&ccb=11-4&oh=01_Q5Aa4wHFhZRLMYu7CGWIsM_exwayJu8yMWjdkUn38B1298-tWQ&oe=6A4CDE74&_nc_sid=5e03e0&_nc_cat=106
LR- Refil Sabonete Líquido Rose 250 ml,"R$  84,90","O Rose é uma fragrância mais floral, formada pelos acordes de rosas perfumadas, em harmonia com o Jasmim  branco e Gardênias. É um floral bem marcante.",https://pps.whatsapp.net/v/t61.24694-24/58411332_1335584189912838_7572997571665199104_n.jpg?stp=dst-jpg_s96x96_tt6&ccb=11-4&oh=01_Q5Aa4wFKjo6cDCuNm3URnrPF7B7eMhhIgok1GZE91nz43h0t3g&oe=6A4CF654&_nc_sid=5e03e0&_nc_cat=102
LBle- Home Spray Bleu 240 ml,"R$  129,90","Ideal para borrifar no ambiente.  O Bleu é uma fragrância com toque fresco, levemente cítrico, aromático (sálvia) e pouco amadeirado. Contém Ambreta, sal marinho, algas marinhas e toranja.",https://pps.whatsapp.net/v/t61.24694-24/559155830_823650643550978_7019009366352043975_n.jpg?stp=dst-jpg_s96x96_tt6&ccb=11-4&oh=01_Q5Aa4wGzF7oAzm3OOBXtX0djOECAtwnEKZN0t1on9MgAA0SReg&oe=6A4D01C0&_nc_sid=5e03e0&_nc_cat=104
LBle- Sabonete Bleu 130 ml,"R$  89,90","O Bleu é uma fragrância com toque fresco, levemente cítrico, aromático (sálvia) e pouco amadeirado. Contém Ambreta, sal marinho, algas marinhas e toranja",https://pps.whatsapp.net/v/t61.24694-24/724484061_2761754377536215_2190669261860019027_n.jpg?stp=dst-jpg_s96x96_tt6&ccb=11-4&oh=01_Q5Aa4wGztHF90pNS4valCAKq2V9AvUqqXaWgWN-Qu5B7gmoU0A&oe=6A4CF035&_nc_sid=5e03e0&_nc_cat=105
LBle- Sabonete Bleu 240 ml,"R$  119,90","O Bleu é uma fragrância com toque fresco, levemente cítrico, aromático (sálvia) e pouco amadeirado. Contém Ambreta, sal marinho, algas marinhas e toranja",https://pps.whatsapp.net/v/t61.24694-24/534425703_831481789887257_4092191367747151289_n.jpg?stp=dst-jpg_s96x96_tt6&ccb=11-4&oh=01_Q5Aa4wFs3sx_AbgKrJpfD-MjHM8Zk_RUcrLjGsDXntzXVmZy-Q&oe=6A4CFCB4&_nc_sid=5e03e0&_nc_cat=106
LV-Refil Home Spray Vanille 250 ml,"R$  84,90","Ideal para borrifar no ambiente. O Vanille é uma fragrância suave formada pela combinação dos acordes de Baunilha, rosas vermelhas e flor de laranjeira para trazer a sensação de aconchego.",https://pps.whatsapp.net/v/t61.24694-24/672742357_27098872799815634_426401938494395508_n.jpg?stp=dst-jpg_s96x96_tt6&ccb=11-4&oh=01_Q5Aa4wHUFoMVFTCfIDe1WXVl-PSFyui8pOymd1ZnsNKagdrhMQ&oe=6A4CE460&_nc_sid=5e03e0&_nc_cat=107
LV-Refil Difusor Vanille 250 ml,"R$  89,90","O Vanille é uma fragrância suave formada pela combinação dos acordes de Baunilha, rosas vermelhas e flor de laranjeira para trazer a sensação de aconchego.",https://pps.whatsapp.net/v/t61.24694-24/473396505_956200129820334_5755859775489598651_n.jpg?stp=dst-jpg_s96x96_tt6&ccb=11-4&oh=01_Q5Aa4wElUN1UKcLnJAWBFeGbGWZy02Ex8h0UFgF5H4CR6rJ69g&oe=6A4D06E6&_nc_sid=5e03e0&_nc_cat=108
LV-Refil Sabonete Líquido Vanille 250 ml,"R$  84,90","O Vanille é uma fragrância suave formada pela combinação dos acordes de Baunilha, rosas vermelhas e flor de laranjeira para trazer a sensação de aconchego.",https://pps.whatsapp.net/v/t61.24694-24/151277106_1087310875118127_2925394890121677774_n.jpg?stp=dst-jpg_s96x96_tt6&ccb=11-4&oh=01_Q5Aa4wH9l0kRwf6jULzY82eLdgziFRQzTDdXL_N94Ym8Imyj3w&oe=6A4CE551&_nc_sid=5e03e0&_nc_cat=108
Vela de Rosa,"R$  59,90",Fragrância Anis,https://pps.whatsapp.net/v/t61.24694-24/698013623_2843350856044828_593937207056235698_n.jpg?stp=dst-jpg_s96x96_tt6&ccb=11-4&oh=01_Q5Aa4wFeRmWb5GmEFkKxvoyPTDkOZTohr81uy9Zvqg-efJn7aQ&oe=6A4CD5E7&_nc_sid=5e03e0&_nc_cat=100
Vela Aromática Preta,"R$  139,90",Fragrância Bambu,https://pps.whatsapp.net/v/t61.24694-24/534425483_2349109058953201_2990470385767650004_n.jpg?stp=dst-jpg_s96x96_tt6&ccb=11-4&oh=01_Q5Aa4wF1bEA1sL4sKpnqiQBzyJdz1-kwDMur191BXT-DDQAwkA&oe=6A4CD7BE&_nc_sid=5e03e0&_nc_cat=103
Vela Aromática,"R$  129,90","Fragrâncias Blanc, Vanille, Rose, L’or, Lê Vert, Bleu",https://pps.whatsapp.net/v/t61.24694-24/595232812_2789115278100143_7492145071648785787_n.jpg?stp=dst-jpg_s96x96_tt6&ccb=11-4&oh=01_Q5Aa4wEH6izRXVpJxVdMZg41OXoxvw9X4U-LZTGQN2AEQc0zBQ&oe=6A4CE0B4&_nc_sid=5e03e0&_nc_cat=102
Bandeja ou Porta papel toalha de Acrilico,"R$  109,90",,https://pps.whatsapp.net/v/t61.24694-24/611389708_947649424841390_6344697238810132241_n.jpg?stp=dst-jpg_s96x96_tt6&ccb=11-4&oh=01_Q5Aa4wEdpr3PL5mzKOxIQO1lzgMUqdA8Qx2BxEVg-khkxROk9w&oe=6A4CD80F&_nc_sid=5e03e0&_nc_cat=102
Porta guardanapo de Libélula,"R$  79,90",4 unidades,https://pps.whatsapp.net/v/t61.24694-24/638811859_2197862054331445_3381258213504198394_n.jpg?stp=dst-jpg_s96x96_tt6&ccb=11-4&oh=01_Q5Aa4wH3U_Jgwqwlk5SyjWFperJzPw07sXzkQj-ytW2k0kUw9g&oe=6A4CDF29&_nc_sid=5e03e0&_nc_cat=103
Difusor Elétrico,"R$  109,90","Cada essência custa R$ R$ 39,90",https://pps.whatsapp.net/v/t61.24694-24/625665393_912162194643888_3613029271140974971_n.jpg?stp=dst-jpg_s96x96_tt6&ccb=11-4&oh=01_Q5Aa4wEKLnE_xOhY5AQJgri64BtczzpJaxGzw5l7IwGA6exX-Q&oe=6A4CF40C&_nc_sid=5e03e0&_nc_cat=104
Bandeja oval de cerâmica,"R$  149,90","Tamanho - 22 x 12 cm Cor: branca, preta e Rosa",https://pps.whatsapp.net/v/t61.24694-24/461248412_1234066291238524_329668682088653321_n.jpg?stp=dst-jpg_s96x96_tt6&ccb=11-4&oh=01_Q5Aa4wHavCbmDgSOLiQDRMWw-rz6pNoECfORwcagZfj3SZMLXg&oe=6A4D074F&_nc_sid=5e03e0&_nc_cat=110
Bandeja quadrada prata com fundo vidro preto,"R$  179,90",Tamanho- 17 x 17 cm,https://pps.whatsapp.net/v/t61.24694-24/623412314_1465263398666938_7595641049751091683_n.jpg?stp=dst-jpg_s96x96_tt6&ccb=11-4&oh=01_Q5Aa4wEUKKH3qoQ8yA8afNuCeKiMFF8evirLYk4y_w-9RHKbrQ&oe=6A4CDE7E&_nc_sid=5e03e0&_nc_cat=108
Bandeja retangular preto com fundo vidro preto,"R$  169,90",Tamanho -28x18cm,https://pps.whatsapp.net/v/t61.24694-24/521019584_2148082682687396_4717133627830460955_n.jpg?stp=dst-jpg_s96x96_tt6&ccb=11-4&oh=01_Q5Aa4wFZ3zBOu_54scd-n8cw-Kv0i8Ayk_6IiHK2kkZ9X18RaA&oe=6A4CD775&_nc_sid=5e03e0&_nc_cat=104
LLe- Refil Difusor Le Vert 250 ml,"R$  89,90","O Le Vert é uma fragrância cítrica com um maravilhoso cheiro campestre que proporciona ao ambiente um clima de conforto e frescor. Suas notas com frutas cítricas oferecem sensações imediatas de bem estar, limpeza, e de harmonia ao ambiente.",https://pps.whatsapp.net/v/t61.24694-24/629919362_957492419945153_5527687753013700577_n.jpg?stp=dst-jpg_s96x96_tt6&ccb=11-4&oh=01_Q5Aa4wEUPwWhOx02dIFlPCFR0T34KiCGhfjorI89wAxs46aoxQ&oe=6A4CD604&_nc_sid=5e03e0&_nc_cat=101
LLe- Refil Home Spray Le Vert 250 ml,"R$  84,90","Ideal para borrifar no ambiente. O Le Vert é uma fragrância cítrica com um maravilhoso cheiro campestre que proporciona ao ambiente um clima de conforto e frescor. Suas notas com frutas cítricas oferecem sensações imediatas de bem estar, limpeza, e de harmonia ao ambiente.",https://pps.whatsapp.net/v/t61.24694-24/655081725_2103552607100813_3494608622850660592_n.jpg?stp=dst-jpg_s96x96_tt6&ccb=11-4&oh=01_Q5Aa4wHOhPMgsd_XW8xrXZ5WqiV7tTd5Li-C0iyn7kiPe8FoEQ&oe=6A4CD591&_nc_sid=5e03e0&_nc_cat=109
LLe- Refil Sabonete Líquido Le Vert 250 ml,"R$  84,90","O Le Vert é uma fragrância cítrica com um maravilhoso cheiro campestre que proporciona ao ambiente um clima de conforto e frescor. Suas notas com frutas cítricas oferecem sensações imediatas de bem estar, limpeza, e de harmonia ao ambiente.",https://pps.whatsapp.net/v/t61.24694-24/491875663_1021491863447736_1097974684566405601_n.jpg?stp=dst-jpg_s96x96_tt6&ccb=11-4&oh=01_Q5Aa4wHqn5sG3WjTrj1fCstpB2pEdGbAH8w4AljJ43twTkoYpw&oe=6A4CF3CA&_nc_sid=5e03e0&_nc_cat=106
Taxa de Entrega - 20,"R$  20,00",,https://pps.whatsapp.net/v/t61.24694-24/417264387_384876187930064_8820911194925487447_n.jpg?stp=dst-jpg_s96x96_tt6&ccb=11-4&oh=01_Q5Aa4wGMpUSB9NQf_NcFaGkD_y2g-zcDnFbdV7dG9I3mLGygQg&oe=6A4CF37B&_nc_sid=5e03e0&_nc_cat=100
Taxa de Entrega - 15,"R$  15,00",,https://pps.whatsapp.net/v/t61.24694-24/608185390_1200245824861138_3758212696246454151_n.jpg?stp=dst-jpg_s96x96_tt6&ccb=11-4&oh=01_Q5Aa4wGzwVyf6zJRO6QTYmD4pzXAE_mPWgqiRXGr3kyQiJ0qGg&oe=6A4CF3F3&_nc_sid=5e03e0&_nc_cat=103
Taxa de Entrega - 10,"R$  10,00",,https://pps.whatsapp.net/v/t61.24694-24/427560946_780325250752815_7877201149043420681_n.jpg?stp=dst-jpg_s96x96_tt6&ccb=11-4&oh=01_Q5Aa4wFi-q9yFhNie9RNIy8fr43m52Dv1ymsopufvNKUVBC4kw&oe=6A4CF0DA&_nc_sid=5e03e0&_nc_cat=103
LR- Difusor Rose 120 ml,"R$  99,90","Acompanha kit com 4 varetas de fibra. O Rose é uma fragrância mais floral, formada pelos acordes de rosas perfumadas, em harmonia com o Jasmim  branco e Gardênias. É um floral bem marcante.",https://pps.whatsapp.net/v/t61.24694-24/352168652_213280114891846_4321523630858259220_n.jpg?stp=dst-jpg_s96x96_tt6&ccb=11-4&oh=01_Q5Aa4wGZ1r-J3RTuy2rzDqRoOQMqNnLYtx5XM4b7xSNhqPRFiw&oe=6A4CF9E5&_nc_sid=5e03e0&_nc_cat=110
Bandeja oval de cerâmica,"R$  169,90","Tamanho -  26,5 x 14 cm Cor: branca, preta, Rosa",https://pps.whatsapp.net/v/t61.24694-24/675492183_890715043362704_9094208632116139688_n.jpg?stp=dst-jpg_s96x96_tt6&ccb=11-4&oh=01_Q5Aa4wEw3ZEV7bi6EV2g7Ts2TXwenEcdjxpIDEmgzqOMPvajKA&oe=6A4CD623&_nc_sid=5e03e0&_nc_cat=107
Rosa difusora de Gesso,"R$  25,00",,https://pps.whatsapp.net/v/t61.24694-24/307526515_836217277520455_7735274421572061813_n.jpg?stp=dst-jpg_s96x96_tt6&ccb=11-4&oh=01_Q5Aa4wEjKWZCLY6BSt-Kb0x4LUqf-X30BcpaSLnBH7IVk_Uu9Q&oe=6A4CE81A&_nc_sid=5e03e0&_nc_cat=104
LLo- Home Spray L’or 250 ml,"R$  84,90","Ideal para borrifar no ambiente. L’OR É uma mistura cítrica e amadeirada bem intensa, compõe um aroma firme, marcante, vivo e envolvente.",https://pps.whatsapp.net/v/t61.24694-24/661442552_1534716194857477_5105216941357704893_n.jpg?stp=dst-jpg_s96x96_tt6&ccb=11-4&oh=01_Q5Aa4wGkpQp7F0ESCPSWJVb0hVqwSpH78Alojvnn_flO9z0Mtg&oe=6A4CED77&_nc_sid=5e03e0&_nc_cat=104
LLo- Difusor L’or 250 ml,"R$  89,90","L’OR É uma mistura cítrica e amadeirada bem intensa, compõe um aroma firme, marcante, vivo e envolvente.",https://pps.whatsapp.net/v/t61.24694-24/467956308_2630756293979126_2186986818153667645_n.jpg?stp=dst-jpg_s96x96_tt6&ccb=11-4&oh=01_Q5Aa4wFJbecE6XPoimS2qUvnXJaniMjAjJewK3jKGvAcG-hdIg&oe=6A4D08E1&_nc_sid=5e03e0&_nc_cat=100
LLo- Água Perfumada L’or 500 ml,"R$  119,90","Ideal para borrifar em tecidos. ️L’OR É uma mistura cítrica e amadeirada bem intensa, compõe um aroma firme, marcante, vivo e envolvente.",https://pps.whatsapp.net/v/t61.24694-24/713843158_967093676099412_1654977130517314359_n.jpg?stp=dst-jpg_s96x96_tt6&ccb=11-4&oh=01_Q5Aa4wFkPL6RpMVp97tKQ0HUoMfZg_671bJJ1rM8-KPRqChJwQ&oe=6A4D07B8&_nc_sid=5e03e0&_nc_cat=110
Home spray para Carro,"R$  69,90",Home spray para borrifar e renovar o cheiro do seu carro.,https://pps.whatsapp.net/v/t61.24694-24/534427967_4326345361021601_7023381043415896959_n.jpg?stp=dst-jpg_s96x96_tt6&ccb=11-4&oh=01_Q5Aa4wHmprsAdNORCt5JoQy1eHYbtbzE7iSdYvMLwkslOBKqKw&oe=6A4CE4E6&_nc_sid=5e03e0&_nc_cat=110
LBla- Sabonete Líquido Blanc 250 ml,"R$  119,90",O Blanc é uma fragrância cítrica refrescante formada por um mix de chá branco combinado com a energia da flor de limão e o floral das margaridas.,https://pps.whatsapp.net/v/t61.24694-24/534427929_1296284942676688_1182389061522350109_n.jpg?stp=dst-jpg_s96x96_tt6&ccb=11-4&oh=01_Q5Aa4wEgffm2Sz6QkjmK2fnvcjZDbTjXJJkDwUiXo3vI8PlotQ&oe=6A4CFD55&_nc_sid=5e03e0&_nc_cat=103
LBla- Álcool em gel 70º 60 ml,"R$  49,90","Para a sua proteção diária, ideal para guardar em bolsas, ou espaços pequenos.  Hidrata e auxilia no combate de vírus e bactérias. O Blanc é uma fragrância cítrica refrescante formada por um mix de chá branco combinado com a energia da flor de limão e o floral das margaridas.",https://pps.whatsapp.net/v/t61.24694-24/675502804_4434855423509998_6006619785777526552_n.jpg?stp=dst-jpg_s96x96_tt6&ccb=11-4&oh=01_Q5Aa4wHvcYSf1SFLl9p5Q_LOrQUytCm9q6DPAbW0uFoZuXnUTg&oe=6A4CF174&_nc_sid=5e03e0&_nc_cat=109
LBle- Home Spray Bleu 240 ml,"R$  129,90","Ideal para borrifar no ambiente.  O Bleu é uma fragrância com toque fresco, levemente cítrico, aromático (sálvia) e pouco amadeirado. Contém Ambreta, sal marinho, algas marinhas e toranja.",https://pps.whatsapp.net/v/t61.24694-24/491841895_1253335226190144_5487855925550557413_n.jpg?stp=dst-jpg_s96x96_tt6&ccb=11-4&oh=01_Q5Aa4wHr_mb0_SAtaDXZtLQWVmAq-06TVojRjui9-H0OWZl_bg&oe=6A4CD35C&_nc_sid=5e03e0&_nc_cat=106
Porta guardanapo de Libélula,"R$  79,90",4 unidades,https://pps.whatsapp.net/v/t61.24694-24/644592219_1501503141377151_2653951610505859417_n.jpg?stp=dst-jpg_s96x96_tt6&ccb=11-4&oh=01_Q5Aa4wFVJ6kCI_bybEFtMtkr8TYCcD39jIjTQYHyHvq4ciE4ag&oe=6A4D07F8&_nc_sid=5e03e0&_nc_cat=107
Vela Aromática Preta,"R$  139,90",Fragrância Bambu,https://pps.whatsapp.net/v/t61.24694-24/554980956_1513284879948179_3115021454833313709_n.jpg?stp=dst-jpg_s96x96_tt6&ccb=11-4&oh=01_Q5Aa4wF_Lm-dWLH0ai7ax0nZtykHYyqiQ4ca8ZZwEdhvG56W9g&oe=6A4CFAA0&_nc_sid=5e03e0&_nc_cat=110
LBle- Sabonete Bleu 240 ml,"R$  119,90","O Bleu é uma fragrância com toque fresco, levemente cítrico, aromático (sálvia) e pouco amadeirado. Contém Ambreta, sal marinho, algas marinhas e toranja",https://pps.whatsapp.net/v/t61.24694-24/521460895_1419492873234741_6337681019475092438_n.jpg?stp=dst-jpg_s96x96_tt6&ccb=11-4&oh=01_Q5Aa4wFKU0h4u-QkF7KY-ksyDUmdlVq5EvlnOlfc01AXUpKUJA&oe=6A4CD83B&_nc_sid=5e03e0&_nc_cat=111
Toalha branca de lavabo,"R$  34,90",,https://pps.whatsapp.net/v/t61.24694-24/437162562_383618778055460_2915717054876734110_n.jpg?stp=dst-jpg_s96x96_tt6&ccb=11-4&oh=01_Q5Aa4wEXVQXpntbhUuMZg5tdiWFnQhq_nw8v-xN778BoL4KZ-w&oe=6A4CE03E&_nc_sid=5e03e0&_nc_cat=107
LBle- Difusor Bleu 240 ml,"R$  139,90","Acompanha Kit com 4 varetas de fibra. O Bleu é uma fragrância com toque fresco, levemente cítrico, aromático (sálvia) e pouco amadeirado. Contém Ambreta, sal marinho, algas marinhas e toranja.",https://pps.whatsapp.net/v/t61.24694-24/611460195_1506867504472391_6275269842397558945_n.jpg?stp=dst-jpg_s96x96_tt6&ccb=11-4&oh=01_Q5Aa4wGCghc0pUyRcxHc0CYNSkCIc3toeBvFPmMSK2_U6gqLsw&oe=6A4D00A4&_nc_sid=5e03e0&_nc_cat=100
Bandeja redonda dourada,"R$  139,90",Tamanho - diam. 17,https://pps.whatsapp.net/v/t61.24694-24/382387849_246259078395083_5299778417166704413_n.jpg?stp=dst-jpg_s96x96_tt6&ccb=11-4&oh=01_Q5Aa4wE8kSGUdjmokEvnN3CrGRsJRnVh2BqgoGDWWRmHnCIodA&oe=6A4CFBBD&_nc_sid=5e03e0&_nc_cat=106
LR-Refil Difusor Rose 250 ml,"R$  89,90","O Rose é uma fragrância mais floral, formada pelos acordes de rosas perfumadas, em harmonia com o Jasmim  branco e Gardênias. É um floral bem marcante.",https://pps.whatsapp.net/v/t61.24694-24/651400337_963534776356397_6026752373391102652_n.jpg?stp=dst-jpg_s96x96_tt6&ccb=11-4&oh=01_Q5Aa4wGKf-qN8s7YV5xQoSL7atNKWunzNtfvAZsPya4sW8IEYA&oe=6A4CFD77&_nc_sid=5e03e0&_nc_cat=109
Sais de Banho,"R$  54,90",Pode ser usado na banheira ou no chuveiro como um esfoliante,https://pps.whatsapp.net/v/t61.24694-24/684358949_1653738765897627_6553136850375364126_n.jpg?stp=dst-jpg_s96x96_tt6&ccb=11-4&oh=01_Q5Aa4wGademYiMLmlhbASeRD4jkvoLJSLx4-E1HUMmdI3ZwKBg&oe=6A4CD128&_nc_sid=5e03e0&_nc_cat=106
LBla- Difusor Blanc 120 ml,"R$  99,90",Acompanha kit com 4 varetas de fibra.  O Blanc é uma fragrância cítrica refrescante formada por um mix de chá branco combinado com a energia da flor de limão e o floral das margaridas.,https://pps.whatsapp.net/v/t61.24694-24/546456758_774316525456716_88273023385605376_n.jpg?stp=dst-jpg_s96x96_tt6&ccb=11-4&oh=01_Q5Aa4wHQbHCigij7hCZ-uxZ-87TTkpsHjjhyXZEdhfXKvOHing&oe=6A4CF98B&_nc_sid=5e03e0&_nc_cat=102
Gesso Perfumado,"R$  84,90","Gesso perfumado, acompanha frasco com 15 ml de essência",https://pps.whatsapp.net/v/t61.24694-24/586487323_976171631422698_5496448932296686254_n.jpg?stp=dst-jpg_s96x96_tt6&ccb=11-4&oh=01_Q5Aa4wHRBn0S_54mcQ1EHO-yPbDGCW2t52o5u_LTjyZB4bFasg&oe=6A4CF7B3&_nc_sid=5e03e0&_nc_cat=107
Bandeja ou Porta papel toalha de Acrilico,"R$  109,90",,https://pps.whatsapp.net/v/t61.24694-24/594496005_850427984807510_7861920394939035081_n.jpg?stp=dst-jpg_s96x96_tt6&ccb=11-4&oh=01_Q5Aa4wGzJy1Y3-GndGTBjtUM5ROB6N9EuzVsWUjx1CHKPUtPjQ&oe=6A4CD727&_nc_sid=5e03e0&_nc_cat=107
LV-Água Perfumada Vanille 500 ml,"R$  119,90","Ideal para borrifar em tecidos.  O Vanille é uma fragrância suave formada pela combinação dos acordes de Baunilha, rosas vermelhas e flor de laranjeira para trazer a sensação de aconchego.",https://pps.whatsapp.net/v/t61.24694-24/695775472_1582756546750166_3359535159718034183_n.jpg?stp=dst-jpg_s96x96_tt6&ccb=11-4&oh=01_Q5Aa4wEZc-2NHGbLjIGuznqgm6UMpDQUppB2doRzQL7nQtY-sQ&oe=6A4CF2D8&_nc_sid=5e03e0&_nc_cat=105
LBle- Água Perfumada Bleu 50O ml,"R$  119,90","Ideal para borrifar em tecidos. O Bleu é uma fragrância com toque fresco, levemente cítrico, aromático (sálvia) e pouco amadeirado. Contém Ambreta, sal marinho, algas marinhas e toranja",https://pps.whatsapp.net/v/t61.24694-24/626432616_1458875896010381_6557230660482594679_n.jpg?stp=dst-jpg_s96x96_tt6&ccb=11-4&oh=01_Q5Aa4wETG7su_ygHNzZ6rQKLsjjZMwp_x2D3IxbrDsVEPW0NTg&oe=6A4CE763&_nc_sid=5e03e0&_nc_cat=110
LLo- Difusor L’or 250 ml,"R$  139,90","Acompanha kit com 4 varetas de fibra. L’OR É uma mistura cítrica e amadeirada bem intensa, compõe um aroma firme, marcante, vivo e envolvente.",https://pps.whatsapp.net/v/t61.24694-24/544436003_4229941520618621_8708741697470503589_n.jpg?stp=dst-jpg_s96x96_tt6&ccb=11-4&oh=01_Q5Aa4wFZp9VbLbsm5Okr-m9gKRrKrFMH91yEiMd-Y3dqbexC6w&oe=6A4CEB95&_nc_sid=5e03e0&_nc_cat=100
Bandeja oval de cerâmica,"R$  149,90","Tamanho - 22 x 12 cm Cor: branca, preta e Rosa",https://pps.whatsapp.net/v/t61.24694-24/454732506_1012283070578120_8752657226112839664_n.jpg?stp=dst-jpg_s96x96_tt6&ccb=11-4&oh=01_Q5Aa4wH3TluS6POnyG-ps2-jlj53u9C6ySnEsDVwVejQhUZVgA&oe=6A4D06AE&_nc_sid=5e03e0&_nc_cat=104
LV-Refil Home Spray Vanille 250 ml,"R$  84,90","Ideal para borrifar no ambiente. O Vanille é uma fragrância suave formada pela combinação dos acordes de Baunilha, rosas vermelhas e flor de laranjeira para trazer a sensação de aconchego.",https://pps.whatsapp.net/v/t61.24694-24/418952477_1177183753289758_6466802026336506368_n.jpg?stp=dst-jpg_s96x96_tt6&ccb=11-4&oh=01_Q5Aa4wEXmO-lE_3BdafFtJbbPRg_6nSj8jOCPjXD7--eVb-znQ&oe=6A4CEB19&_nc_sid=5e03e0&_nc_cat=104
LBle- Home Spray Bleu 130 ml,"R$  94,90","Ideal para borrifar no ambiente.  O Bleu é uma fragrância com toque fresco, levemente cítrico, aromático (sálvia) e pouco amadeirado. Contém Ambreta, sal marinho, algas marinhas e toranja",https://pps.whatsapp.net/v/t61.24694-24/505159196_4424296981125762_2539446477337944236_n.jpg?stp=dst-jpg_s96x96_tt6&ccb=11-4&oh=01_Q5Aa4wHxFO0UpiYt00qVPnboDfdnh5RNEEj0xMVEgFmpavs0jw&oe=6A4CF9DD&_nc_sid=5e03e0&_nc_cat=105
Bandeja retangular preto com fundo vidro preto,"R$  169,90",Tamanho -28x18cm,https://pps.whatsapp.net/v/t61.24694-24/408213221_1482560895629624_4817838840838346196_n.jpg?stp=dst-jpg_s96x96_tt6&ccb=11-4&oh=01_Q5Aa4wFwHPsyN0_SHmyUAYhnkFBEsbUHS-efLL1YIm2vlkhoPA&oe=6A4D0177&_nc_sid=5e03e0&_nc_cat=100
Bandeja retangular MDF,"R$  199,90",Tamanho - 38 x 18 cm,https://pps.whatsapp.net/v/t61.24694-24/617142570_4473655492864300_3120170151663752556_n.jpg?stp=dst-jpg_s96x96_tt6&ccb=11-4&oh=01_Q5Aa4wFCl6ddt3NUXf7P78d7xQar3oLT6CD8HSYdQZLq5gj8FQ&oe=6A4CFFE6&_nc_sid=5e03e0&_nc_cat=100
LV-Refil Sabonete Líquido Vanille 250 ml,"R$  84,90","O Vanille é uma fragrância suave formada pela combinação dos acordes de Baunilha, rosas vermelhas e flor de laranjeira para trazer a sensação de aconchego.",https://pps.whatsapp.net/v/t61.24694-24/590765877_1822905548348481_8964014234627874223_n.jpg?stp=dst-jpg_s96x96_tt6&ccb=11-4&oh=01_Q5Aa4wF7_Svl26SJmiIbOLGRTdVj0HP5NEKGiQXYXXlh7a6DPQ&oe=6A4CDBCC&_nc_sid=5e03e0&_nc_cat=102
Porta joia personalizado,"R$  59,90",,https://pps.whatsapp.net/v/t61.24694-24/328151155_752293739573915_1926561116355636063_n.jpg?stp=dst-jpg_s96x96_tt6&ccb=11-4&oh=01_Q5Aa4wHr2RlE5LAqUc-OK93EsyUT7sGHVFvlRGCAipb20uYwrw&oe=6A4CEAFF&_nc_sid=5e03e0&_nc_cat=102
Bandeja retangular dourada com fundo espelhado,"R$  179,90",Tamanho- 24x12cm,https://pps.whatsapp.net/v/t61.24694-24/328151155_752293739573915_1926561116355636063_n.jpg?ccb=11-4&oh=01_Q5Aa4wHrRi_GuXlfd9xK4fUpybPm-HVoWQkwp7v6KtbuCvkb0w&oe=6A4CEAFF&_nc_sid=5e03e0&_nc_cat=102
